Algorithm,Threads,Size,Time
basic,1,1,0
basic,1,2,0
basic,1,4,0.000001
basic,1,8,0.000001
basic,1,16,0.000001
basic,1,32,0.000001
basic,1,64,0.000001
basic,1,128,0.000002
basic,1,256,0.000002
basic,1,512,0.000005
basic,1,1024,0.000011
basic,1,2048,0.000024
basic,1,4096,0.00004
basic,1,8192,0.000073
basic,1,16384,0.000142
basic,1,32768,0.0003
basic,1,65536,0.00064
basic,1,131072,0.001353
basic,1,262144,0.002853
basic,1,524288,0.006098
basic,1,1048576,0.012846
basic,1,2097152,0.027924
basic,1,4194304,0.055772
basic,1,8388608,0.117185
basic,1,16777216,0.248576
basic,1,33554432,0.509844
basic,1,67108864,1.075691
basic,1,134217728,2.219194
basic,2,1,0.000002
basic,2,2,0.000001
basic,2,4,0.000001
basic,2,8,0
basic,2,16,0.000001
basic,2,32,0
basic,2,64,0.000002
basic,2,128,0.000001
basic,2,256,0.000002
basic,2,512,0.000005
basic,2,1024,0.000011
basic,2,2048,0.000023
basic,2,4096,0.000041
basic,2,8192,0.000075
basic,2,16384,0.000145
basic,2,32768,0.0003
basic,2,65536,0.000637
basic,2,131072,0.001414
basic,2,262144,0.002944
basic,2,524288,0.006087
basic,2,1048576,0.012956
basic,2,2097152,0.027622
basic,2,4194304,0.056718
basic,2,8388608,0.11938
basic,2,16777216,0.246039
basic,2,33554432,0.519034
basic,2,67108864,1.061607
basic,2,134217728,2.222367
basic,3,1,0.000002
basic,3,2,0.000001
basic,3,4,0.000001
basic,3,8,0
basic,3,16,0.000001
basic,3,32,0.000001
basic,3,64,0.000001
basic,3,128,0.000001
basic,3,256,0.000003
basic,3,512,0.000005
basic,3,1024,0.00001
basic,3,2048,0.000023
basic,3,4096,0.000041
basic,3,8192,0.000075
basic,3,16384,0.000145
basic,3,32768,0.000301
basic,3,65536,0.000693
basic,3,131072,0.001357
basic,3,262144,0.002925
basic,3,524288,0.006037
basic,3,1048576,0.012813
basic,3,2097152,0.0268
basic,3,4194304,0.057221
basic,3,8388608,0.11932
basic,3,16777216,0.24633
basic,3,33554432,0.52098
basic,3,67108864,1.060852
basic,3,134217728,2.222235
basic,4,1,0.000002
basic,4,2,0
basic,4,4,0.000001
basic,4,8,0.000001
basic,4,16,0.000001
basic,4,32,0.000001
basic,4,64,0.000001
basic,4,128,0.000001
basic,4,256,0.000002
basic,4,512,0.000005
basic,4,1024,0.000011
basic,4,2048,0.000023
basic,4,4096,0.000041
basic,4,8192,0.000082
basic,4,16384,0.000145
basic,4,32768,0.000302
basic,4,65536,0.000642
basic,4,131072,0.001369
basic,4,262144,0.002861
basic,4,524288,0.006053
basic,4,1048576,0.012817
basic,4,2097152,0.026814
basic,4,4194304,0.056396
basic,4,8388608,0.118746
basic,4,16777216,0.248392
basic,4,33554432,0.516834
basic,4,67108864,1.071521
basic,4,134217728,2.209404
basic,5,1,0.000001
basic,5,2,0.000001
basic,5,4,0.000001
basic,5,8,0
basic,5,16,0.000002
basic,5,32,0.000001
basic,5,64,0.000001
basic,5,128,0.000006
basic,5,256,0.000007
basic,5,512,0.000005
basic,5,1024,0.000017
basic,5,2048,0.000025
basic,5,4096,0.000052
basic,5,8192,0.000073
basic,5,16384,0.000174
basic,5,32768,0.000302
basic,5,65536,0.000637
basic,5,131072,0.001363
basic,5,262144,0.002858
basic,5,524288,0.006116
basic,5,1048576,0.012828
basic,5,2097152,0.027636
basic,5,4194304,0.056338
basic,5,8388608,0.120382
basic,5,16777216,0.247232
basic,5,33554432,0.511095
basic,5,67108864,1.068236
basic,5,134217728,2.212695
basic,6,1,0.000001
basic,6,2,0
basic,6,4,0.000001
basic,6,8,0.000001
basic,6,16,0.000001
basic,6,32,0.000001
basic,6,64,0.000001
basic,6,128,0.000001
basic,6,256,0.000003
basic,6,512,0.000005
basic,6,1024,0.000011
basic,6,2048,0.000022
basic,6,4096,0.000041
basic,6,8192,0.000067
basic,6,16384,0.000145
basic,6,32768,0.0003
basic,6,65536,0.000641
basic,6,131072,0.001356
basic,6,262144,0.002861
basic,6,524288,0.006008
basic,6,1048576,0.012662
basic,6,2097152,0.026763
basic,6,4194304,0.056634
basic,6,8388608,0.119259
basic,6,16777216,0.246182
basic,6,33554432,0.510681
basic,6,67108864,1.07724
basic,6,134217728,2.207212
basic,7,1,0.000002
basic,7,2,0
basic,7,4,0.000001
basic,7,8,0
basic,7,16,0.000001
basic,7,32,0.000001
basic,7,64,0.000001
basic,7,128,0.000001
basic,7,256,0.000003
basic,7,512,0.000005
basic,7,1024,0.00001
basic,7,2048,0.000023
basic,7,4096,0.000041
basic,7,8192,0.000077
basic,7,16384,0.000145
basic,7,32768,0.000303
basic,7,65536,0.00064
basic,7,131072,0.001413
basic,7,262144,0.002919
basic,7,524288,0.006042
basic,7,1048576,0.012816
basic,7,2097152,0.027109
basic,7,4194304,0.056461
basic,7,8388608,0.120216
basic,7,16777216,0.247496
basic,7,33554432,0.510116
basic,7,67108864,1.063887
basic,7,134217728,2.239844
basic,8,1,0.000001
basic,8,2,0
basic,8,4,0.000001
basic,8,8,0.000001
basic,8,16,0.000001
basic,8,32,0.000001
basic,8,64,0.000001
basic,8,128,0.000002
basic,8,256,0.000002
basic,8,512,0.000006
basic,8,1024,0.000008
basic,8,2048,0.000022
basic,8,4096,0.000041
basic,8,8192,0.000075
basic,8,16384,0.000147
basic,8,32768,0.000302
basic,8,65536,0.00064
basic,8,131072,0.001357
basic,8,262144,0.002864
basic,8,524288,0.006012
basic,8,1048576,0.012647
basic,8,2097152,0.026541
basic,8,4194304,0.055828
basic,8,8388608,0.118525
basic,8,16777216,0.24838
basic,8,33554432,0.512913
basic,8,67108864,1.060884
basic,8,134217728,2.218713
basic,9,1,0.000001
basic,9,2,0.000001
basic,9,4,0.000001
basic,9,8,0.000001
basic,9,16,0.000001
basic,9,32,0.000001
basic,9,64,0.000001
basic,9,128,0.000001
basic,9,256,0.000003
basic,9,512,0.000004
basic,9,1024,0.000011
basic,9,2048,0.000022
basic,9,4096,0.000041
basic,9,8192,0.000076
basic,9,16384,0.000148
basic,9,32768,0.000309
basic,9,65536,0.000641
basic,9,131072,0.001364
basic,9,262144,0.002864
basic,9,524288,0.006085
basic,9,1048576,0.012808
basic,9,2097152,0.027156
basic,9,4194304,0.057143
basic,9,8388608,0.117054
basic,9,16777216,0.248154
basic,9,33554432,0.509668
basic,9,67108864,1.061644
basic,9,134217728,2.238424
basic,10,1,0.000001
basic,10,2,0.000001
basic,10,4,0.000001
basic,10,8,0.000001
basic,10,16,0
basic,10,32,0.000001
basic,10,64,0.000001
basic,10,128,0.000002
basic,10,256,0.000002
basic,10,512,0.000005
basic,10,1024,0.000011
basic,10,2048,0.000023
basic,10,4096,0.000042
basic,10,8192,0.000075
basic,10,16384,0.000149
basic,10,32768,0.000301
basic,10,65536,0.000639
basic,10,131072,0.001405
basic,10,262144,0.002866
basic,10,524288,0.006108
basic,10,1048576,0.012877
basic,10,2097152,0.026986
basic,10,4194304,0.056595
basic,10,8388608,0.118618
basic,10,16777216,0.251437
basic,10,33554432,0.516393
basic,10,67108864,1.063157
basic,10,134217728,2.248402
basic,11,1,0.000001
basic,11,2,0.000001
basic,11,4,0.000001
basic,11,8,0
basic,11,16,0
basic,11,32,0.000001
basic,11,64,0.000001
basic,11,128,0.000001
basic,11,256,0.000003
basic,11,512,0.000005
basic,11,1024,0.000011
basic,11,2048,0.000023
basic,11,4096,0.000041
basic,11,8192,0.000076
basic,11,16384,0.000148
basic,11,32768,0.000302
basic,11,65536,0.00064
basic,11,131072,0.001355
basic,11,262144,0.003193
basic,11,524288,0.006026
basic,11,1048576,0.012624
basic,11,2097152,0.026605
basic,11,4194304,0.056467
basic,11,8388608,0.118192
basic,11,16777216,0.243939
basic,11,33554432,0.512563
basic,11,67108864,1.074496
basic,11,134217728,2.207245
basic,12,1,0.000001
basic,12,2,0.000001
basic,12,4,0.000001
basic,12,8,0
basic,12,16,0.000001
basic,12,32,0
basic,12,64,0.000001
basic,12,128,0.000002
basic,12,256,0.000002
basic,12,512,0.000004
basic,12,1024,0.000011
basic,12,2048,0.000023
basic,12,4096,0.000042
basic,12,8192,0.000076
basic,12,16384,0.000147
basic,12,32768,0.000303
basic,12,65536,0.00064
basic,12,131072,0.001357
basic,12,262144,0.002887
basic,12,524288,0.00607
basic,12,1048576,0.012884
basic,12,2097152,0.026857
basic,12,4194304,0.056596
basic,12,8388608,0.117246
basic,12,16777216,0.248038
basic,12,33554432,0.514032
basic,12,67108864,1.080285
basic,12,134217728,2.233921
basic,13,1,0
basic,13,2,0
basic,13,4,0
basic,13,8,0.000001
basic,13,16,0
basic,13,32,0.000001
basic,13,64,0.000001
basic,13,128,0.000001
basic,13,256,0.000003
basic,13,512,0.000005
basic,13,1024,0.000011
basic,13,2048,0.000022
basic,13,4096,0.000041
basic,13,8192,0.000074
basic,13,16384,0.000146
basic,13,32768,0.000302
basic,13,65536,0.000639
basic,13,131072,0.001361
basic,13,262144,0.002863
basic,13,524288,0.006022
basic,13,1048576,0.012667
basic,13,2097152,0.026511
basic,13,4194304,0.056596
basic,13,8388608,0.11894
basic,13,16777216,0.24539
basic,13,33554432,0.509362
basic,13,67108864,1.076611
basic,13,134217728,2.245632
basic,14,1,0.000001
basic,14,2,0.000001
basic,14,4,0
basic,14,8,0
basic,14,16,0.000001
basic,14,32,0.000001
basic,14,64,0.000001
basic,14,128,0.000001
basic,14,256,0.000002
basic,14,512,0.000005
basic,14,1024,0.000011
basic,14,2048,0.000023
basic,14,4096,0.000035
basic,14,8192,0.000075
basic,14,16384,0.000144
basic,14,32768,0.000303
basic,14,65536,0.000642
basic,14,131072,0.001414
basic,14,262144,0.002894
basic,14,524288,0.006086
basic,14,1048576,0.01312
basic,14,2097152,0.026921
basic,14,4194304,0.055834
basic,14,8388608,0.118548
basic,14,16777216,0.24408
basic,14,33554432,0.512803
basic,14,67108864,1.062949
basic,14,134217728,2.256596
basic,15,1,0.000001
basic,15,2,0
basic,15,4,0
basic,15,8,0
basic,15,16,0
basic,15,32,0
basic,15,64,0.000001
basic,15,128,0.000001
basic,15,256,0.000002
basic,15,512,0.000004
basic,15,1024,0.000008
basic,15,2048,0.000015
basic,15,4096,0.000031
basic,15,8192,0.000067
basic,15,16384,0.000141
basic,15,32768,0.000317
basic,15,65536,0.000641
basic,15,131072,0.001686
basic,15,262144,0.002851
basic,15,524288,0.006025
basic,15,1048576,0.012667
basic,15,2097152,0.027065
basic,15,4194304,0.056258
basic,15,8388608,0.11678
basic,15,16777216,0.248717
basic,15,33554432,0.509536
basic,15,67108864,1.06008
basic,15,134217728,2.207709
basic,16,1,0.000001
basic,16,2,0.000001
basic,16,4,0.000001
basic,16,8,0
basic,16,16,0
basic,16,32,0
basic,16,64,0.000001
basic,16,128,0.000001
basic,16,256,0.000002
basic,16,512,0.000004
basic,16,1024,0.000007
basic,16,2048,0.000015
basic,16,4096,0.000031
basic,16,8192,0.000067
basic,16,16384,0.000141
basic,16,32768,0.0003
basic,16,65536,0.000639
basic,16,131072,0.001357
basic,16,262144,0.002858
basic,16,524288,0.006074
basic,16,1048576,0.013192
basic,16,2097152,0.026579
basic,16,4194304,0.056558
basic,16,8388608,0.116851
basic,16,16777216,0.247232
basic,16,33554432,0.512182
basic,16,67108864,1.061042
basic,16,134217728,2.226472
basic,17,1,0.000001
basic,17,2,0.000001
basic,17,4,0.000001
basic,17,8,0.000001
basic,17,16,0
basic,17,32,0
basic,17,64,0.000001
basic,17,128,0
basic,17,256,0.000002
basic,17,512,0.000003
basic,17,1024,0.000007
basic,17,2048,0.000015
basic,17,4096,0.000031
basic,17,8192,0.000066
basic,17,16384,0.000142
basic,17,32768,0.000327
basic,17,65536,0.000672
basic,17,131072,0.001355
basic,17,262144,0.002947
basic,17,524288,0.006099
basic,17,1048576,0.01284
basic,17,2097152,0.02672
basic,17,4194304,0.056566
basic,17,8388608,0.121686
basic,17,16777216,0.247147
basic,17,33554432,0.519578
basic,17,67108864,1.061171
basic,17,134217728,2.236926
basic,18,1,0
basic,18,2,0.000001
basic,18,4,0
basic,18,8,0.000001
basic,18,16,0
basic,18,32,0.000001
basic,18,64,0
basic,18,128,0.000002
basic,18,256,0.000002
basic,18,512,0.000004
basic,18,1024,0.000007
basic,18,2048,0.000015
basic,18,4096,0.000031
basic,18,8192,0.000066
basic,18,16384,0.000144
basic,18,32768,0.0003
basic,18,65536,0.000639
basic,18,131072,0.001387
basic,18,262144,0.002877
basic,18,524288,0.006109
basic,18,1048576,0.013945
basic,18,2097152,0.026714
basic,18,4194304,0.055836
basic,18,8388608,0.117392
basic,18,16777216,0.251979
basic,18,33554432,0.519949
basic,18,67108864,1.083312
basic,18,134217728,2.221049
basic,19,1,0.000002
basic,19,2,0.000001
basic,19,4,0
basic,19,8,0
basic,19,16,0
basic,19,32,0
basic,19,64,0.000001
basic,19,128,0.000001
basic,19,256,0.000002
basic,19,512,0.000003
basic,19,1024,0.000006
basic,19,2048,0.000015
basic,19,4096,0.000031
basic,19,8192,0.000067
basic,19,16384,0.000141
basic,19,32768,0.0003
basic,19,65536,0.000641
basic,19,131072,0.001394
basic,19,262144,0.002955
basic,19,524288,0.006104
basic,19,1048576,0.012935
basic,19,2097152,0.02723
basic,19,4194304,0.056064
basic,19,8388608,0.118408
basic,19,16777216,0.244091
basic,19,33554432,0.509624
basic,19,67108864,1.063222
basic,19,134217728,2.21759
basic,20,1,0.000001
basic,20,2,0
basic,20,4,0
basic,20,8,0
basic,20,16,0.000001
basic,20,32,0
basic,20,64,0
basic,20,128,0.000001
basic,20,256,0.000002
basic,20,512,0.000003
basic,20,1024,0.000007
basic,20,2048,0.000015
basic,20,4096,0.000031
basic,20,8192,0.000067
basic,20,16384,0.000141
basic,20,32768,0.000322
basic,20,65536,0.000638
basic,20,131072,0.001351
basic,20,262144,0.002854
basic,20,524288,0.00602
basic,20,1048576,0.012649
basic,20,2097152,0.026513
basic,20,4194304,0.056807
basic,20,8388608,0.117258
basic,20,16777216,0.244074
basic,20,33554432,0.509427
basic,20,67108864,1.073209
basic,20,134217728,2.205493
basic,21,1,0.000001
basic,21,2,0
basic,21,4,0
basic,21,8,0
basic,21,16,0.000001
basic,21,32,0
basic,21,64,0.000001
basic,21,128,0.000001
basic,21,256,0.000002
basic,21,512,0.000003
basic,21,1024,0.000007
basic,21,2048,0.000015
basic,21,4096,0.000032
basic,21,8192,0.000066
basic,21,16384,0.000193
basic,21,32768,0.000306
basic,21,65536,0.000637
basic,21,131072,0.0014
basic,21,262144,0.002857
basic,21,524288,0.006021
basic,21,1048576,0.012659
basic,21,2097152,0.026593
basic,21,4194304,0.055796
basic,21,8388608,0.11681
basic,21,16777216,0.250399
basic,21,33554432,0.509528
basic,21,67108864,1.069892
basic,21,134217728,2.20333
basic,22,1,0.000001
basic,22,2,0
basic,22,4,0
basic,22,8,0
basic,22,16,0
basic,22,32,0.000001
basic,22,64,0.000001
basic,22,128,0.000002
basic,22,256,0.000002
basic,22,512,0.000004
basic,22,1024,0.000007
basic,22,2048,0.000015
basic,22,4096,0.000031
basic,22,8192,0.000066
basic,22,16384,0.000144
basic,22,32768,0.000301
basic,22,65536,0.000641
basic,22,131072,0.001359
basic,22,262144,0.002861
basic,22,524288,0.006257
basic,22,1048576,0.012739
basic,22,2097152,0.026793
basic,22,4194304,0.057118
basic,22,8388608,0.119767
basic,22,16777216,0.256361
basic,22,33554432,0.509612
basic,22,67108864,1.0621
basic,22,134217728,2.229733
basic,23,1,0.000002
basic,23,2,0.000001
basic,23,4,0
basic,23,8,0.000001
basic,23,16,0.000001
basic,23,32,0.000001
basic,23,64,0
basic,23,128,0.000001
basic,23,256,0.000002
basic,23,512,0.000004
basic,23,1024,0.000007
basic,23,2048,0.000015
basic,23,4096,0.000031
basic,23,8192,0.000069
basic,23,16384,0.000142
basic,23,32768,0.000313
basic,23,65536,0.000687
basic,23,131072,0.001432
basic,23,262144,0.002856
basic,23,524288,0.006151
basic,23,1048576,0.012887
basic,23,2097152,0.027147
basic,23,4194304,0.056722
basic,23,8388608,0.117474
basic,23,16777216,0.248479
basic,23,33554432,0.509359
basic,23,67108864,1.07165
basic,23,134217728,2.233141
basic,24,1,0.000002
basic,24,2,0
basic,24,4,0
basic,24,8,0
basic,24,16,0
basic,24,32,0
basic,24,64,0.000001
basic,24,128,0.000001
basic,24,256,0.000003
basic,24,512,0.000004
basic,24,1024,0.000007
basic,24,2048,0.000016
basic,24,4096,0.000031
basic,24,8192,0.000067
basic,24,16384,0.000144
basic,24,32768,0.0003
basic,24,65536,0.000639
basic,24,131072,0.001349
basic,24,262144,0.002906
basic,24,524288,0.006057
basic,24,1048576,0.012786
basic,24,2097152,0.026932
basic,24,4194304,0.056558
basic,24,8388608,0.118264
basic,24,16777216,0.24979
basic,24,33554432,0.51058
basic,24,67108864,1.062263
basic,24,134217728,2.245052
bitonic,1,1,0.000017
bitonic,1,2,0.000001
bitonic,1,4,0.000001
bitonic,1,8,0.000009
bitonic,1,16,0.000003
bitonic,1,32,0.000004
bitonic,1,64,0.000009
bitonic,1,128,0.000019
bitonic,1,256,0.000036
bitonic,1,512,0.000075
bitonic,1,1024,0.000156
bitonic,1,2048,0.000381
bitonic,1,4096,0.000831
bitonic,1,8192,0.001832
bitonic,1,16384,0.004018
bitonic,1,32768,0.008594
bitonic,1,65536,0.01854
bitonic,1,131072,0.03952
bitonic,1,262144,0.084084
bitonic,1,524288,0.18001
bitonic,1,1048576,0.381049
bitonic,1,2097152,0.805015
bitonic,1,4194304,1.719342
bitonic,1,8388608,3.645079
bitonic,1,16777216,7.641327
bitonic,1,33554432,16.284122
bitonic,1,67108864,34.143779
bitonic,1,134217728,71.784366
bitonic,2,1,0.000067
bitonic,2,2,0.000067
bitonic,2,4,0.000042
bitonic,2,8,0.000073
bitonic,2,16,0.000037
bitonic,2,32,0.000036
bitonic,2,64,0.000048
bitonic,2,128,0.000048
bitonic,2,256,0.000051
bitonic,2,512,0.000072
bitonic,2,1024,0.000108
bitonic,2,2048,0.000204
bitonic,2,4096,0.000428
bitonic,2,8192,0.000896
bitonic,2,16384,0.002878
bitonic,2,32768,0.004459
bitonic,2,65536,0.008783
bitonic,2,131072,0.018882
bitonic,2,262144,0.040222
bitonic,2,524288,0.085298
bitonic,2,1048576,0.182421
bitonic,2,2097152,0.397612
bitonic,2,4194304,0.823771
bitonic,2,8388608,1.792581
bitonic,2,16777216,3.685986
bitonic,2,33554432,7.741247
bitonic,2,67108864,16.427622
bitonic,2,134217728,34.511729
bitonic,3,1,0.000106
bitonic,3,2,0.000051
bitonic,3,4,0.000055
bitonic,3,8,0.000051
bitonic,3,16,0.000054
bitonic,3,32,0.000057
bitonic,3,64,0.000061
bitonic,3,128,0.000085
bitonic,3,256,0.000103
bitonic,3,512,0.00014
bitonic,3,1024,0.00026
bitonic,3,2048,0.00033
bitonic,3,4096,0.000662
bitonic,3,8192,0.001998
bitonic,3,16384,0.002852
bitonic,3,32768,0.005963
bitonic,3,65536,0.012429
bitonic,3,131072,0.026111
bitonic,3,262144,0.054678
bitonic,3,524288,0.116278
bitonic,3,1048576,0.24283
bitonic,3,2097152,0.512173
bitonic,3,4194304,1.086373
bitonic,3,8388608,2.330998
bitonic,3,16777216,4.753022
bitonic,3,33554432,9.917957
bitonic,3,67108864,20.711772
bitonic,3,134217728,43.071643
bitonic,4,1,0.000054
bitonic,4,2,0.000048
bitonic,4,4,0.000098
bitonic,4,8,0.000069
bitonic,4,16,0.00007
bitonic,4,32,0.000069
bitonic,4,64,0.000071
bitonic,4,128,0.000077
bitonic,4,256,0.000089
bitonic,4,512,0.00012
bitonic,4,1024,0.000205
bitonic,4,2048,0.00037
bitonic,4,4096,0.000772
bitonic,4,8192,0.001253
bitonic,4,16384,0.001601
bitonic,4,32768,0.00382
bitonic,4,65536,0.006518
bitonic,4,131072,0.010789
bitonic,4,262144,0.020389
bitonic,4,524288,0.044731
bitonic,4,1048576,0.092319
bitonic,4,2097152,0.197527
bitonic,4,4194304,0.413242
bitonic,4,8388608,0.888331
bitonic,4,16777216,1.84193
bitonic,4,33554432,3.872167
bitonic,4,67108864,8.111347
bitonic,4,134217728,17.107085
bitonic,5,1,0.000163
bitonic,5,2,0.000127
bitonic,5,4,0.000129
bitonic,5,8,0.000131
bitonic,5,16,0.000128
bitonic,5,32,0.000137
bitonic,5,64,0.000138
bitonic,5,128,0.000146
bitonic,5,256,0.000143
bitonic,5,512,0.000173
bitonic,5,1024,0.000368
bitonic,5,2048,0.000381
bitonic,5,4096,0.001313
bitonic,5,8192,0.001054
bitonic,5,16384,0.002159
bitonic,5,32768,0.004977
bitonic,5,65536,0.008684
bitonic,5,131072,0.015876
bitonic,5,262144,0.031861
bitonic,5,524288,0.062447
bitonic,5,1048576,0.12557
bitonic,5,2097152,0.266996
bitonic,5,4194304,0.572723
bitonic,5,8388608,1.239401
bitonic,5,16777216,2.525492
bitonic,5,33554432,5.245522
bitonic,5,67108864,10.91433
bitonic,5,134217728,22.598029
bitonic,6,1,0.000063
bitonic,6,2,0.000029
bitonic,6,4,0.000151
bitonic,6,8,0.00013
bitonic,6,16,0.000192
bitonic,6,32,0.000121
bitonic,6,64,0.000131
bitonic,6,128,0.000156
bitonic,6,256,0.000164
bitonic,6,512,0.0002
bitonic,6,1024,0.000225
bitonic,6,2048,0.000421
bitonic,6,4096,0.000697
bitonic,6,8192,0.001771
bitonic,6,16384,0.002428
bitonic,6,32768,0.005001
bitonic,6,65536,0.008847
bitonic,6,131072,0.019378
bitonic,6,262144,0.036675
bitonic,6,524288,0.074266
bitonic,6,1048576,0.154588
bitonic,6,2097152,0.327642
bitonic,6,4194304,0.678127
bitonic,6,8388608,1.442964
bitonic,6,16777216,2.991098
bitonic,6,33554432,6.157931
bitonic,6,67108864,12.656774
bitonic,6,134217728,26.32389
bitonic,7,1,0.000196
bitonic,7,2,0.000161
bitonic,7,4,0.000166
bitonic,7,8,0.000146
bitonic,7,16,0.000158
bitonic,7,32,0.000152
bitonic,7,64,0.000159
bitonic,7,128,0.000164
bitonic,7,256,0.000187
bitonic,7,512,0.000247
bitonic,7,1024,0.0003
bitonic,7,2048,0.000607
bitonic,7,4096,0.001035
bitonic,7,8192,0.001885
bitonic,7,16384,0.002943
bitonic,7,32768,0.006885
bitonic,7,65536,0.012285
bitonic,7,131072,0.02249
bitonic,7,262144,0.042695
bitonic,7,524288,0.086938
bitonic,7,1048576,0.181091
bitonic,7,2097152,0.381084
bitonic,7,4194304,0.816691
bitonic,7,8388608,1.74612
bitonic,7,16777216,3.497178
bitonic,7,33554432,7.137938
bitonic,7,67108864,14.698882
bitonic,7,134217728,30.270273
bitonic,8,1,0.000055
bitonic,8,2,0.000029
bitonic,8,4,0.000024
bitonic,8,8,0.000162
bitonic,8,16,0.000182
bitonic,8,32,0.000174
bitonic,8,64,0.000149
bitonic,8,128,0.000179
bitonic,8,256,0.00017
bitonic,8,512,0.000184
bitonic,8,1024,0.000219
bitonic,8,2048,0.000319
bitonic,8,4096,0.000548
bitonic,8,8192,0.000894
bitonic,8,16384,0.001209
bitonic,8,32768,0.002987
bitonic,8,65536,0.003545
bitonic,8,131072,0.006127
bitonic,8,262144,0.01312
bitonic,8,524288,0.02363
bitonic,8,1048576,0.047895
bitonic,8,2097152,0.099448
bitonic,8,4194304,0.21664
bitonic,8,8388608,0.508562
bitonic,8,16777216,1.057079
bitonic,8,33554432,2.17641
bitonic,8,67108864,4.534603
bitonic,8,134217728,9.458329
bitonic,9,1,0.000282
bitonic,9,2,0.000246
bitonic,9,4,0.000204
bitonic,9,8,0.000181
bitonic,9,16,0.000174
bitonic,9,32,0.000222
bitonic,9,64,0.000184
bitonic,9,128,0.000203
bitonic,9,256,0.000218
bitonic,9,512,0.000233
bitonic,9,1024,0.000303
bitonic,9,2048,0.000393
bitonic,9,4096,0.000641
bitonic,9,8192,0.001167
bitonic,9,16384,0.001575
bitonic,9,32768,0.003713
bitonic,9,65536,0.005724
bitonic,9,131072,0.011072
bitonic,9,262144,0.019047
bitonic,9,524288,0.036448
bitonic,9,1048576,0.072153
bitonic,9,2097152,0.149392
bitonic,9,4194304,0.320109
bitonic,9,8388608,0.784587
bitonic,9,16777216,1.563019
bitonic,9,33554432,3.19398
bitonic,9,67108864,6.750989
bitonic,9,134217728,13.819309
bitonic,10,1,0.00006
bitonic,10,2,0.00003
bitonic,10,4,0.000028
bitonic,10,8,0.00022
bitonic,10,16,0.000197
bitonic,10,32,0.000214
bitonic,10,64,0.00024
bitonic,10,128,0.000223
bitonic,10,256,0.000267
bitonic,10,512,0.000241
bitonic,10,1024,0.000316
bitonic,10,2048,0.000382
bitonic,10,4096,0.000631
bitonic,10,8192,0.001346
bitonic,10,16384,0.001779
bitonic,10,32768,0.003216
bitonic,10,65536,0.006312
bitonic,10,131072,0.012463
bitonic,10,262144,0.02293
bitonic,10,524288,0.04404
bitonic,10,1048576,0.087695
bitonic,10,2097152,0.182493
bitonic,10,4194304,0.370885
bitonic,10,8388608,0.89183
bitonic,10,16777216,1.857966
bitonic,10,33554432,3.71021
bitonic,10,67108864,7.554927
bitonic,10,134217728,15.825799
bitonic,11,1,0.000298
bitonic,11,2,0.000269
bitonic,11,4,0.00023
bitonic,11,8,0.000243
bitonic,11,16,0.000199
bitonic,11,32,0.000251
bitonic,11,64,0.00026
bitonic,11,128,0.000257
bitonic,11,256,0.000239
bitonic,11,512,0.000292
bitonic,11,1024,0.000359
bitonic,11,2048,0.000557
bitonic,11,4096,0.00074
bitonic,11,8192,0.001307
bitonic,11,16384,0.003132
bitonic,11,32768,0.003186
bitonic,11,65536,0.006547
bitonic,11,131072,0.01493
bitonic,11,262144,0.026642
bitonic,11,524288,0.055813
bitonic,11,1048576,0.114968
bitonic,11,2097152,0.206073
bitonic,11,4194304,0.434919
bitonic,11,8388608,1.047454
bitonic,11,16777216,2.066022
bitonic,11,33554432,4.25436
bitonic,11,67108864,8.751494
bitonic,11,134217728,17.747258
bitonic,12,1,0.000065
bitonic,12,2,0.000028
bitonic,12,4,0.000027
bitonic,12,8,0.000262
bitonic,12,16,0.000261
bitonic,12,32,0.000253
bitonic,12,64,0.000246
bitonic,12,128,0.000263
bitonic,12,256,0.000278
bitonic,12,512,0.000325
bitonic,12,1024,0.000391
bitonic,12,2048,0.000616
bitonic,12,4096,0.000697
bitonic,12,8192,0.001841
bitonic,12,16384,0.002797
bitonic,12,32768,0.005036
bitonic,12,65536,0.009341
bitonic,12,131072,0.016417
bitonic,12,262144,0.028772
bitonic,12,524288,0.056821
bitonic,12,1048576,0.115565
bitonic,12,2097152,0.234645
bitonic,12,4194304,0.501024
bitonic,12,8388608,1.157375
bitonic,12,16777216,2.337341
bitonic,12,33554432,4.730309
bitonic,12,67108864,9.654193
bitonic,12,134217728,19.537015
bitonic,13,1,0.000329
bitonic,13,2,0.000257
bitonic,13,4,0.000288
bitonic,13,8,0.000257
bitonic,13,16,0.0003
bitonic,13,32,0.00026
bitonic,13,64,0.000281
bitonic,13,128,0.000292
bitonic,13,256,0.00034
bitonic,13,512,0.000359
bitonic,13,1024,0.000442
bitonic,13,2048,0.000753
bitonic,13,4096,0.001073
bitonic,13,8192,0.001364
bitonic,13,16384,0.003059
bitonic,13,32768,0.007292
bitonic,13,65536,0.011542
bitonic,13,131072,0.021405
bitonic,13,262144,0.040971
bitonic,13,524288,0.077292
bitonic,13,1048576,0.159412
bitonic,13,2097152,0.322575
bitonic,13,4194304,0.668965
bitonic,13,8388608,1.335484
bitonic,13,16777216,2.698023
bitonic,13,33554432,5.57941
bitonic,13,67108864,11.075796
bitonic,13,134217728,22.490478
bitonic,14,1,0.000056
bitonic,14,2,0.000029
bitonic,14,4,0.00003
bitonic,14,8,0.000321
bitonic,14,16,0.000298
bitonic,14,32,0.000301
bitonic,14,64,0.000291
bitonic,14,128,0.000314
bitonic,14,256,0.000334
bitonic,14,512,0.000387
bitonic,14,1024,0.000532
bitonic,14,2048,0.0006
bitonic,14,4096,0.001316
bitonic,14,8192,0.001857
bitonic,14,16384,0.003392
bitonic,14,32768,0.007001
bitonic,14,65536,0.011917
bitonic,14,131072,0.023932
bitonic,14,262144,0.042956
bitonic,14,524288,0.084547
bitonic,14,1048576,0.185262
bitonic,14,2097152,0.354119
bitonic,14,4194304,0.722613
bitonic,14,8388608,1.466399
bitonic,14,16777216,2.994168
bitonic,14,33554432,6.082325
bitonic,14,67108864,11.928273
bitonic,14,134217728,24.243504
bitonic,15,1,0.000369
bitonic,15,2,0.000329
bitonic,15,4,0.000302
bitonic,15,8,0.000289
bitonic,15,16,0.000289
bitonic,15,32,0.000306
bitonic,15,64,0.000314
bitonic,15,128,0.000334
bitonic,15,256,0.000371
bitonic,15,512,0.000377
bitonic,15,1024,0.000481
bitonic,15,2048,0.000894
bitonic,15,4096,0.001529
bitonic,15,8192,0.002407
bitonic,15,16384,0.003972
bitonic,15,32768,0.008238
bitonic,15,65536,0.012779
bitonic,15,131072,0.024192
bitonic,15,262144,0.050656
bitonic,15,524288,0.093974
bitonic,15,1048576,0.201855
bitonic,15,2097152,0.406514
bitonic,15,4194304,0.807284
bitonic,15,8388608,1.624772
bitonic,15,16777216,3.24609
bitonic,15,33554432,6.518756
bitonic,15,67108864,13.679484
bitonic,15,134217728,26.743319
bitonic,16,1,0.000051
bitonic,16,2,0.000024
bitonic,16,4,0.00002
bitonic,16,8,0.000018
bitonic,16,16,0.000341
bitonic,16,32,0.000318
bitonic,16,64,0.0003
bitonic,16,128,0.000327
bitonic,16,256,0.000344
bitonic,16,512,0.000356
bitonic,16,1024,0.000395
bitonic,16,2048,0.00051
bitonic,16,4096,0.000652
bitonic,16,8192,0.001084
bitonic,16,16384,0.001808
bitonic,16,32768,0.002703
bitonic,16,65536,0.004396
bitonic,16,131072,0.007397
bitonic,16,262144,0.013935
bitonic,16,524288,0.027215
bitonic,16,1048576,0.052809
bitonic,16,2097152,0.107612
bitonic,16,4194304,0.228848
bitonic,16,8388608,0.485624
bitonic,16,16777216,0.971366
bitonic,16,33554432,2.09885
bitonic,16,67108864,4.154135
bitonic,16,134217728,7.775338
bitonic,17,1,0.000452
bitonic,17,2,0.000374
bitonic,17,4,0.00037
bitonic,17,8,0.000389
bitonic,17,16,0.000332
bitonic,17,32,0.000329
bitonic,17,64,0.000318
bitonic,17,128,0.000359
bitonic,17,256,0.000341
bitonic,17,512,0.000388
bitonic,17,1024,0.000408
bitonic,17,2048,0.000532
bitonic,17,4096,0.000819
bitonic,17,8192,0.001297
bitonic,17,16384,0.002455
bitonic,17,32768,0.003242
bitonic,17,65536,0.005768
bitonic,17,131072,0.010352
bitonic,17,262144,0.022753
bitonic,17,524288,0.042104
bitonic,17,1048576,0.08082
bitonic,17,2097152,0.171351
bitonic,17,4194304,0.35105
bitonic,17,8388608,0.741434
bitonic,17,16777216,1.507044
bitonic,17,33554432,2.930087
bitonic,17,67108864,5.928993
bitonic,17,134217728,12.194182
bitonic,18,1,0.000054
bitonic,18,2,0.000026
bitonic,18,4,0.00002
bitonic,18,8,0.000019
bitonic,18,16,0.000389
bitonic,18,32,0.000393
bitonic,18,64,0.000357
bitonic,18,128,0.000358
bitonic,18,256,0.000418
bitonic,18,512,0.000452
bitonic,18,1024,0.000427
bitonic,18,2048,0.00058
bitonic,18,4096,0.00062
bitonic,18,8192,0.001648
bitonic,18,16384,0.003041
bitonic,18,32768,0.003686
bitonic,18,65536,0.005584
bitonic,18,131072,0.01227
bitonic,18,262144,0.022634
bitonic,18,524288,0.045463
bitonic,18,1048576,0.088431
bitonic,18,2097152,0.182292
bitonic,18,4194304,0.375946
bitonic,18,8388608,0.777072
bitonic,18,16777216,1.572233
bitonic,18,33554432,3.184123
bitonic,18,67108864,6.481175
bitonic,18,134217728,13.478602
bitonic,19,1,0.00045
bitonic,19,2,0.000357
bitonic,19,4,0.000366
bitonic,19,8,0.000371
bitonic,19,16,0.000398
bitonic,19,32,0.000432
bitonic,19,64,0.000363
bitonic,19,128,0.000361
bitonic,19,256,0.000397
bitonic,19,512,0.000426
bitonic,19,1024,0.000489
bitonic,19,2048,0.000648
bitonic,19,4096,0.000695
bitonic,19,8192,0.001389
bitonic,19,16384,0.003344
bitonic,19,32768,0.003953
bitonic,19,65536,0.008198
bitonic,19,131072,0.012823
bitonic,19,262144,0.026299
bitonic,19,524288,0.049796
bitonic,19,1048576,0.101508
bitonic,19,2097152,0.204783
bitonic,19,4194304,0.41689
bitonic,19,8388608,0.864586
bitonic,19,16777216,1.720889
bitonic,19,33554432,3.451352
bitonic,19,67108864,7.026658
bitonic,19,134217728,14.472721
bitonic,20,1,0.000054
bitonic,20,2,0.00002
bitonic,20,4,0.00002
bitonic,20,8,0.000019
bitonic,20,16,0.000464
bitonic,20,32,0.000396
bitonic,20,64,0.000422
bitonic,20,128,0.000379
bitonic,20,256,0.000381
bitonic,20,512,0.000429
bitonic,20,1024,0.000517
bitonic,20,2048,0.000666
bitonic,20,4096,0.001077
bitonic,20,8192,0.001649
bitonic,20,16384,0.003644
bitonic,20,32768,0.004855
bitonic,20,65536,0.007799
bitonic,20,131072,0.015658
bitonic,20,262144,0.02872
bitonic,20,524288,0.055394
bitonic,20,1048576,0.106872
bitonic,20,2097152,0.224072
bitonic,20,4194304,0.455192
bitonic,20,8388608,0.918704
bitonic,20,16777216,1.84296
bitonic,20,33554432,3.761412
bitonic,20,67108864,7.633673
bitonic,20,134217728,15.450699
bitonic,21,1,0.000568
bitonic,21,2,0.000493
bitonic,21,4,0.000403
bitonic,21,8,0.000458
bitonic,21,16,0.000429
bitonic,21,32,0.000406
bitonic,21,64,0.000419
bitonic,21,128,0.000423
bitonic,21,256,0.000458
bitonic,21,512,0.000458
bitonic,21,1024,0.000546
bitonic,21,2048,0.000687
bitonic,21,4096,0.001214
bitonic,21,8192,0.002099
bitonic,21,16384,0.003682
bitonic,21,32768,0.00482
bitonic,21,65536,0.00922
bitonic,21,131072,0.015555
bitonic,21,262144,0.031975
bitonic,21,524288,0.060539
bitonic,21,1048576,0.120768
bitonic,21,2097152,0.253139
bitonic,21,4194304,0.514865
bitonic,21,8388608,1.041438
bitonic,21,16777216,2.106638
bitonic,21,33554432,4.409649
bitonic,21,67108864,8.501778
bitonic,21,134217728,17.84978
bitonic,22,1,0.000053
bitonic,22,2,0.000024
bitonic,22,4,0.00002
bitonic,22,8,0.000019
bitonic,22,16,0.000487
bitonic,22,32,0.000481
bitonic,22,64,0.0005
bitonic,22,128,0.000444
bitonic,22,256,0.000463
bitonic,22,512,0.000493
bitonic,22,1024,0.000643
bitonic,22,2048,0.000834
bitonic,22,4096,0.001244
bitonic,22,8192,0.001539
bitonic,22,16384,0.004024
bitonic,22,32768,0.006184
bitonic,22,65536,0.011194
bitonic,22,131072,0.016518
bitonic,22,262144,0.032786
bitonic,22,524288,0.06605
bitonic,22,1048576,0.135535
bitonic,22,2097152,0.269696
bitonic,22,4194304,0.542978
bitonic,22,8388608,1.099875
bitonic,22,16777216,2.223048
bitonic,22,33554432,4.573233
bitonic,22,67108864,9.374621
bitonic,22,134217728,18.239476
bitonic,23,1,0.000584
bitonic,23,2,0.000506
bitonic,23,4,0.000449
bitonic,23,8,0.000444
bitonic,23,16,0.000465
bitonic,23,32,0.000441
bitonic,23,64,0.000424
bitonic,23,128,0.000434
bitonic,23,256,0.000439
bitonic,23,512,0.000534
bitonic,23,1024,0.000601
bitonic,23,2048,0.00078
bitonic,23,4096,0.000982
bitonic,23,8192,0.002212
bitonic,23,16384,0.003345
bitonic,23,32768,0.006791
bitonic,23,65536,0.009858
bitonic,23,131072,0.018902
bitonic,23,262144,0.03528
bitonic,23,524288,0.073944
bitonic,23,1048576,0.141565
bitonic,23,2097152,0.293932
bitonic,23,4194304,0.613153
bitonic,23,8388608,1.227475
bitonic,23,16777216,2.451013
bitonic,23,33554432,5.086576
bitonic,23,67108864,9.843414
bitonic,23,134217728,20.524401
bitonic,24,1,0.000051
bitonic,24,2,0.00002
bitonic,24,4,0.00002
bitonic,24,8,0.000023
bitonic,24,16,0.000488
bitonic,24,32,0.000485
bitonic,24,64,0.000554
bitonic,24,128,0.000477
bitonic,24,256,0.00062
bitonic,24,512,0.000546
bitonic,24,1024,0.000629
bitonic,24,2048,0.000812
bitonic,24,4096,0.001352
bitonic,24,8192,0.001894
bitonic,24,16384,0.003099
bitonic,24,32768,0.005976
bitonic,24,65536,0.010839
bitonic,24,131072,0.019857
bitonic,24,262144,0.036733
bitonic,24,524288,0.073692
bitonic,24,1048576,0.149038
bitonic,24,2097152,0.308752
bitonic,24,4194304,0.632361
bitonic,24,8388608,1.310405
bitonic,24,16777216,2.587187
bitonic,24,33554432,5.187419
bitonic,24,67108864,10.829559
bitonic,24,134217728,21.575599
merge,1,1,0.000001
merge,1,2,0.000084
merge,1,4,0.000029
merge,1,8,0.000025
merge,1,16,0.000048
merge,1,32,0.00003
merge,1,64,0.000029
merge,1,128,0.000029
merge,1,256,0.000033
merge,1,512,0.000043
merge,1,1024,0.000063
merge,1,2048,0.000121
merge,1,4096,0.000184
merge,1,8192,0.000355
merge,1,16384,0.000716
merge,1,32768,0.001481
merge,1,65536,0.00208
merge,1,131072,0.005464
merge,1,262144,0.00953
merge,1,524288,0.014692
merge,1,1048576,0.033974
merge,1,2097152,0.066466
merge,1,4194304,0.133763
merge,1,8388608,0.276311
merge,1,16777216,0.570962
merge,1,33554432,1.144941
merge,1,67108864,2.37743
merge,1,134217728,4.902168
merge,2,1,0.000001
merge,2,2,0.000028
merge,2,4,0.000032
merge,2,8,0.000039
merge,2,16,0.000033
merge,2,32,0.000031
merge,2,64,0.000035
merge,2,128,0.000033
merge,2,256,0.000038
merge,2,512,0.000035
merge,2,1024,0.000059
merge,2,2048,0.000077
merge,2,4096,0.000134
merge,2,8192,0.000363
merge,2,16384,0.000443
merge,2,32768,0.001103
merge,2,65536,0.001619
merge,2,131072,0.003341
merge,2,262144,0.006827
merge,2,524288,0.014243
merge,2,1048576,0.029344
merge,2,2097152,0.061281
merge,2,4194304,0.13142
merge,2,8388608,0.266248
merge,2,16777216,0.555147
merge,2,33554432,1.140506
merge,2,67108864,2.337285
merge,2,134217728,4.825912
merge,3,1,0.000001
merge,3,2,0.000025
merge,3,4,0.000054
merge,3,8,0.000043
merge,3,16,0.000044
merge,3,32,0.000044
merge,3,64,0.000043
merge,3,128,0.000042
merge,3,256,0.00005
merge,3,512,0.000058
merge,3,1024,0.000061
merge,3,2048,0.000091
merge,3,4096,0.000173
merge,3,8192,0.000219
merge,3,16384,0.000552
merge,3,32768,0.000801
merge,3,65536,0.001626
merge,3,131072,0.00332
merge,3,262144,0.006437
merge,3,524288,0.009976
merge,3,1048576,0.018987
merge,3,2097152,0.038786
merge,3,4194304,0.077587
merge,3,8388608,0.158933
merge,3,16777216,0.325165
merge,3,33554432,0.661685
merge,3,67108864,1.360653
merge,3,134217728,2.843452
merge,4,1,0.000001
merge,4,2,0.000028
merge,4,4,0.00005
merge,4,8,0.000074
merge,4,16,0.000072
merge,4,32,0.000069
merge,4,64,0.000071
merge,4,128,0.000079
merge,4,256,0.000077
merge,4,512,0.000086
merge,4,1024,0.000133
merge,4,2048,0.000118
merge,4,4096,0.000223
merge,4,8192,0.000398
merge,4,16384,0.000551
merge,4,32768,0.000829
merge,4,65536,0.002239
merge,4,131072,0.003748
merge,4,262144,0.006993
merge,4,524288,0.009542
merge,4,1048576,0.019504
merge,4,2097152,0.037169
merge,4,4194304,0.074349
merge,4,8388608,0.158615
merge,4,16777216,0.324074
merge,4,33554432,0.665245
merge,4,67108864,1.387216
merge,4,134217728,2.8519
merge,5,1,0
merge,5,2,0.000027
merge,5,4,0.000051
merge,5,8,0.000099
merge,5,16,0.000121
merge,5,32,0.000112
merge,5,64,0.000116
merge,5,128,0.000119
merge,5,256,0.000128
merge,5,512,0.000135
merge,5,1024,0.000137
merge,5,2048,0.000162
merge,5,4096,0.000253
merge,5,8192,0.000251
merge,5,16384,0.000626
merge,5,32768,0.000851
merge,5,65536,0.001342
merge,5,131072,0.0031
merge,5,262144,0.005619
merge,5,524288,0.009222
merge,5,1048576,0.017651
merge,5,2097152,0.036707
merge,5,4194304,0.076214
merge,5,8388608,0.155243
merge,5,16777216,0.322132
merge,5,33554432,0.667927
merge,5,67108864,1.381258
merge,5,134217728,2.835652
merge,6,1,0.000001
merge,6,2,0.000025
merge,6,4,0.00005
merge,6,8,0.000134
merge,6,16,0.000114
merge,6,32,0.000112
merge,6,64,0.00012
merge,6,128,0.000129
merge,6,256,0.000114
merge,6,512,0.00011
merge,6,1024,0.000155
merge,6,2048,0.000151
merge,6,4096,0.000189
merge,6,8192,0.000379
merge,6,16384,0.000334
merge,6,32768,0.000835
merge,6,65536,0.001333
merge,6,131072,0.002678
merge,6,262144,0.005438
merge,6,524288,0.008699
merge,6,1048576,0.016684
merge,6,2097152,0.035685
merge,6,4194304,0.076373
merge,6,8388608,0.15891
merge,6,16777216,0.333022
merge,6,33554432,0.671457
merge,6,67108864,1.346066
merge,6,134217728,2.792689
merge,7,1,0.000001
merge,7,2,0.000024
merge,7,4,0.000053
merge,7,8,0.000153
merge,7,16,0.000149
merge,7,32,0.000137
merge,7,64,0.000144
merge,7,128,0.000159
merge,7,256,0.000148
merge,7,512,0.000156
merge,7,1024,0.000168
merge,7,2048,0.000164
merge,7,4096,0.000204
merge,7,8192,0.000464
merge,7,16384,0.000824
merge,7,32768,0.001183
merge,7,65536,0.001639
merge,7,131072,0.002404
merge,7,262144,0.0059
merge,7,524288,0.007902
merge,7,1048576,0.013651
merge,7,2097152,0.025082
merge,7,4194304,0.04952
merge,7,8388608,0.105671
merge,7,16777216,0.226762
merge,7,33554432,0.465563
merge,7,67108864,0.93011
merge,7,134217728,1.923127
merge,8,1,0.000001
merge,8,2,0.000025
merge,8,4,0.000059
merge,8,8,0.000136
merge,8,16,0.000201
merge,8,32,0.000149
merge,8,64,0.000145
merge,8,128,0.000175
merge,8,256,0.000152
merge,8,512,0.000158
merge,8,1024,0.000193
merge,8,2048,0.000224
merge,8,4096,0.000302
merge,8,8192,0.000468
merge,8,16384,0.000719
merge,8,32768,0.001286
merge,8,65536,0.001375
merge,8,131072,0.002953
merge,8,262144,0.004838
merge,8,524288,0.009569
merge,8,1048576,0.012312
merge,8,2097152,0.025366
merge,8,4194304,0.048047
merge,8,8388608,0.104283
merge,8,16777216,0.223451
merge,8,33554432,0.448005
merge,8,67108864,0.940705
merge,8,134217728,1.942161
merge,9,1,0.000001
merge,9,2,0.000036
merge,9,4,0.000055
merge,9,8,0.000168
merge,9,16,0.000229
merge,9,32,0.000212
merge,9,64,0.000198
merge,9,128,0.000218
merge,9,256,0.000185
merge,9,512,0.000196
merge,9,1024,0.000195
merge,9,2048,0.000241
merge,9,4096,0.000281
merge,9,8192,0.000473
merge,9,16384,0.000562
merge,9,32768,0.001067
merge,9,65536,0.001758
merge,9,131072,0.003195
merge,9,262144,0.004763
merge,9,524288,0.007568
merge,9,1048576,0.012457
merge,9,2097152,0.025763
merge,9,4194304,0.048487
merge,9,8388608,0.104911
merge,9,16777216,0.211939
merge,9,33554432,0.429787
merge,9,67108864,0.930061
merge,9,134217728,1.901507
merge,10,1,0.000002
merge,10,2,0.000023
merge,10,4,0.000053
merge,10,8,0.000173
merge,10,16,0.000257
merge,10,32,0.00026
merge,10,64,0.000211
merge,10,128,0.000204
merge,10,256,0.000267
merge,10,512,0.000235
merge,10,1024,0.000253
merge,10,2048,0.000273
merge,10,4096,0.000381
merge,10,8192,0.000484
merge,10,16384,0.000592
merge,10,32768,0.00116
merge,10,65536,0.001767
merge,10,131072,0.003245
merge,10,262144,0.004626
merge,10,524288,0.009681
merge,10,1048576,0.013133
merge,10,2097152,0.024443
merge,10,4194304,0.047826
merge,10,8388608,0.103289
merge,10,16777216,0.212928
merge,10,33554432,0.435964
merge,10,67108864,0.929906
merge,10,134217728,1.932717
merge,11,1,0.000001
merge,11,2,0.000027
merge,11,4,0.000051
merge,11,8,0.000177
merge,11,16,0.000194
merge,11,32,0.000193
merge,11,64,0.000198
merge,11,128,0.000212
merge,11,256,0.000272
merge,11,512,0.000197
merge,11,1024,0.000243
merge,11,2048,0.000293
merge,11,4096,0.00035
merge,11,8192,0.000509
merge,11,16384,0.000631
merge,11,32768,0.001563
merge,11,65536,0.001909
merge,11,131072,0.003333
merge,11,262144,0.005732
merge,11,524288,0.00925
merge,11,1048576,0.013915
merge,11,2097152,0.024563
merge,11,4194304,0.048458
merge,11,8388608,0.107612
merge,11,16777216,0.230523
merge,11,33554432,0.448722
merge,11,67108864,0.92067
merge,11,134217728,1.95727
merge,12,1,0.000001
merge,12,2,0.000024
merge,12,4,0.000052
merge,12,8,0.000148
merge,12,16,0.000328
merge,12,32,0.000286
merge,12,64,0.000321
merge,12,128,0.000292
merge,12,256,0.000326
merge,12,512,0.000309
merge,12,1024,0.000291
merge,12,2048,0.000277
merge,12,4096,0.000387
merge,12,8192,0.000488
merge,12,16384,0.000753
merge,12,32768,0.000967
merge,12,65536,0.001645
merge,12,131072,0.004013
merge,12,262144,0.006764
merge,12,524288,0.008179
merge,12,1048576,0.015035
merge,12,2097152,0.024783
merge,12,4194304,0.049496
merge,12,8388608,0.114353
merge,12,16777216,0.2167
merge,12,33554432,0.449592
merge,12,67108864,0.88216
merge,12,134217728,1.901927
merge,13,1,0.000001
merge,13,2,0.000026
merge,13,4,0.000055
merge,13,8,0.000159
merge,13,16,0.000216
merge,13,32,0.000252
merge,13,64,0.000352
merge,13,128,0.000338
merge,13,256,0.000305
merge,13,512,0.000303
merge,13,1024,0.000338
merge,13,2048,0.000292
merge,13,4096,0.000317
merge,13,8192,0.000568
merge,13,16384,0.000854
merge,13,32768,0.00117
merge,13,65536,0.001901
merge,13,131072,0.003426
merge,13,262144,0.005485
merge,13,524288,0.009722
merge,13,1048576,0.015259
merge,13,2097152,0.028883
merge,13,4194304,0.0526
merge,13,8388608,0.114768
merge,13,16777216,0.231833
merge,13,33554432,0.446222
merge,13,67108864,0.943391
merge,13,134217728,1.919115
merge,14,1,0.000001
merge,14,2,0.000023
merge,14,4,0.000046
merge,14,8,0.000145
merge,14,16,0.000249
merge,14,32,0.0003
merge,14,64,0.000268
merge,14,128,0.000436
merge,14,256,0.000264
merge,14,512,0.000288
merge,14,1024,0.000294
merge,14,2048,0.000332
merge,14,4096,0.000408
merge,14,8192,0.000554
merge,14,16384,0.000945
merge,14,32768,0.000984
merge,14,65536,0.00232
merge,14,131072,0.00344
merge,14,262144,0.004695
merge,14,524288,0.009394
merge,14,1048576,0.015927
merge,14,2097152,0.029773
merge,14,4194304,0.053073
merge,14,8388608,0.107971
merge,14,16777216,0.218953
merge,14,33554432,0.441831
merge,14,67108864,0.968172
merge,14,134217728,1.930012
merge,15,1,0.000001
merge,15,2,0.000021
merge,15,4,0.000051
merge,15,8,0.000135
merge,15,16,0.000273
merge,15,32,0.000264
merge,15,64,0.000264
merge,15,128,0.000279
merge,15,256,0.000289
merge,15,512,0.000289
merge,15,1024,0.000301
merge,15,2048,0.000343
merge,15,4096,0.000419
merge,15,8192,0.000614
merge,15,16384,0.000702
merge,15,32768,0.000978
merge,15,65536,0.002121
merge,15,131072,0.003433
merge,15,262144,0.005078
merge,15,524288,0.009844
merge,15,1048576,0.01364
merge,15,2097152,0.026388
merge,15,4194304,0.044434
merge,15,8388608,0.094748
merge,15,16777216,0.176675
merge,15,33554432,0.365173
merge,15,67108864,0.735962
merge,15,134217728,1.60347
merge,16,1,0.000001
merge,16,2,0.000017
merge,16,4,0.00004
merge,16,8,0.00014
merge,16,16,0.000276
merge,16,32,0.000377
merge,16,64,0.000316
merge,16,128,0.000281
merge,16,256,0.000283
merge,16,512,0.000435
merge,16,1024,0.000314
merge,16,2048,0.000355
merge,16,4096,0.000585
merge,16,8192,0.00059
merge,16,16384,0.000713
merge,16,32768,0.001257
merge,16,65536,0.001729
merge,16,131072,0.002906
merge,16,262144,0.007057
merge,16,524288,0.009578
merge,16,1048576,0.014122
merge,16,2097152,0.024257
merge,16,4194304,0.04431
merge,16,8388608,0.084434
merge,16,16777216,0.175796
merge,16,33554432,0.349026
merge,16,67108864,0.75217
merge,16,134217728,1.51265
merge,17,1,0.000001
merge,17,2,0.00002
merge,17,4,0.000079
merge,17,8,0.000143
merge,17,16,0.000354
merge,17,32,0.000323
merge,17,64,0.000321
merge,17,128,0.000321
merge,17,256,0.000353
merge,17,512,0.00049
merge,17,1024,0.000348
merge,17,2048,0.000457
merge,17,4096,0.000472
merge,17,8192,0.000532
merge,17,16384,0.000666
merge,17,32768,0.0012
merge,17,65536,0.002045
merge,17,131072,0.002945
merge,17,262144,0.004095
merge,17,524288,0.010172
merge,17,1048576,0.012703
merge,17,2097152,0.024325
merge,17,4194304,0.046552
merge,17,8388608,0.090745
merge,17,16777216,0.17991
merge,17,33554432,0.354327
merge,17,67108864,0.716649
merge,17,134217728,1.45697
merge,18,1,0.000001
merge,18,2,0.000017
merge,18,4,0.000048
merge,18,8,0.000189
merge,18,16,0.000276
merge,18,32,0.000422
merge,18,64,0.000332
merge,18,128,0.000324
merge,18,256,0.000328
merge,18,512,0.000347
merge,18,1024,0.000349
merge,18,2048,0.000453
merge,18,4096,0.000422
merge,18,8192,0.000671
merge,18,16384,0.000665
merge,18,32768,0.001424
merge,18,65536,0.002182
merge,18,131072,0.002742
merge,18,262144,0.006265
merge,18,524288,0.00773
merge,18,1048576,0.012494
merge,18,2097152,0.022693
merge,18,4194304,0.044074
merge,18,8388608,0.088013
merge,18,16777216,0.176016
merge,18,33554432,0.354115
merge,18,67108864,0.760524
merge,18,134217728,1.559023
merge,19,1,0.000001
merge,19,2,0.000026
merge,19,4,0.000043
merge,19,8,0.000153
merge,19,16,0.000405
merge,19,32,0.000542
merge,19,64,0.000539
merge,19,128,0.000375
merge,19,256,0.000409
merge,19,512,0.000539
merge,19,1024,0.000574
merge,19,2048,0.000461
merge,19,4096,0.00058
merge,19,8192,0.000595
merge,19,16384,0.001074
merge,19,32768,0.001199
merge,19,65536,0.002089
merge,19,131072,0.004031
merge,19,262144,0.006008
merge,19,524288,0.007631
merge,19,1048576,0.013345
merge,19,2097152,0.023917
merge,19,4194304,0.044693
merge,19,8388608,0.093215
merge,19,16777216,0.177223
merge,19,33554432,0.359823
merge,19,67108864,0.730589
merge,19,134217728,1.51837
merge,20,1,0
merge,20,2,0.000017
merge,20,4,0.00005
merge,20,8,0.000127
merge,20,16,0.000317
merge,20,32,0.000366
merge,20,64,0.000388
merge,20,128,0.000364
merge,20,256,0.000369
merge,20,512,0.000353
merge,20,1024,0.000409
merge,20,2048,0.000501
merge,20,4096,0.000628
merge,20,8192,0.00067
merge,20,16384,0.001033
merge,20,32768,0.001318
merge,20,65536,0.001882
merge,20,131072,0.003614
merge,20,262144,0.004674
merge,20,524288,0.007637
merge,20,1048576,0.013075
merge,20,2097152,0.025317
merge,20,4194304,0.046947
merge,20,8388608,0.09218
merge,20,16777216,0.173327
merge,20,33554432,0.367454
merge,20,67108864,0.732429
merge,20,134217728,1.538686
merge,21,1,0.000001
merge,21,2,0.000022
merge,21,4,0.000047
merge,21,8,0.000121
merge,21,16,0.000275
merge,21,32,0.000384
merge,21,64,0.000385
merge,21,128,0.000456
merge,21,256,0.000425
merge,21,512,0.000404
merge,21,1024,0.000417
merge,21,2048,0.000394
merge,21,4096,0.000484
merge,21,8192,0.000592
merge,21,16384,0.000831
merge,21,32768,0.001395
merge,21,65536,0.002072
merge,21,131072,0.003207
merge,21,262144,0.005907
merge,21,524288,0.010056
merge,21,1048576,0.015339
merge,21,2097152,0.026718
merge,21,4194304,0.048347
merge,21,8388608,0.087466
merge,21,16777216,0.182638
merge,21,33554432,0.372074
merge,21,67108864,0.753184
merge,21,134217728,1.564844
merge,22,1,0.000001
merge,22,2,0.000017
merge,22,4,0.000081
merge,22,8,0.000142
merge,22,16,0.001035
merge,22,32,0.00047
merge,22,64,0.000585
merge,22,128,0.000402
merge,22,256,0.000408
merge,22,512,0.000408
merge,22,1024,0.000407
merge,22,2048,0.000553
merge,22,4096,0.000579
merge,22,8192,0.000731
merge,22,16384,0.000899
merge,22,32768,0.001314
merge,22,65536,0.002505
merge,22,131072,0.00358
merge,22,262144,0.005679
merge,22,524288,0.009093
merge,22,1048576,0.015546
merge,22,2097152,0.023044
merge,22,4194304,0.046478
merge,22,8388608,0.089873
merge,22,16777216,0.179864
merge,22,33554432,0.36061
merge,22,67108864,0.727426
merge,22,134217728,1.579984
merge,23,1,0.000001
merge,23,2,0.000023
merge,23,4,0.000045
merge,23,8,0.000148
merge,23,16,0.000418
merge,23,32,0.000547
merge,23,64,0.000392
merge,23,128,0.000576
merge,23,256,0.000652
merge,23,512,0.000641
merge,23,1024,0.000657
merge,23,2048,0.000656
merge,23,4096,0.001047
merge,23,8192,0.000747
merge,23,16384,0.000909
merge,23,32768,0.001448
merge,23,65536,0.002198
merge,23,131072,0.003611
merge,23,262144,0.00575
merge,23,524288,0.009354
merge,23,1048576,0.015834
merge,23,2097152,0.025002
merge,23,4194304,0.045107
merge,23,8388608,0.091031
merge,23,16777216,0.176576
merge,23,33554432,0.369955
merge,23,67108864,0.74566
merge,23,134217728,1.540763
merge,24,1,0.000001
merge,24,2,0.000017
merge,24,4,0.000047
merge,24,8,0.000184
merge,24,16,0.000278
merge,24,32,0.000624
merge,24,64,0.000645
merge,24,128,0.000438
merge,24,256,0.000614
merge,24,512,0.00055
merge,24,1024,0.000484
merge,24,2048,0.000592
merge,24,4096,0.000782
merge,24,8192,0.000573
merge,24,16384,0.000842
merge,24,32768,0.00121
merge,24,65536,0.002038
merge,24,131072,0.003454
merge,24,262144,0.004678
merge,24,524288,0.008172
merge,24,1048576,0.014213
merge,24,2097152,0.02529
merge,24,4194304,0.049259
merge,24,8388608,0.089333
merge,24,16777216,0.176435
merge,24,33554432,0.365171
merge,24,67108864,0.739419
merge,24,134217728,1.542587
quick,1,1,0.000001
quick,1,2,0.000001
quick,1,4,0
quick,1,8,0.000001
quick,1,16,0.000002
quick,1,32,0.000003
quick,1,64,0.000004
quick,1,128,0.000007
quick,1,256,0.000014
quick,1,512,0.000028
quick,1,1024,0.000048
quick,1,2048,0.000091
quick,1,4096,0.000188
quick,1,8192,0.000387
quick,1,16384,0.000832
quick,1,32768,0.001794
quick,1,65536,0.003661
quick,1,131072,0.007663
quick,1,262144,0.015767
quick,1,524288,0.034167
quick,1,1048576,0.069523
quick,1,2097152,0.144377
quick,1,4194304,0.303086
quick,1,8388608,0.644987
quick,1,16777216,1.298045
quick,1,33554432,2.703968
quick,1,67108864,5.54328
quick,1,134217728,11.449989
quick,2,1,0.000047
quick,2,2,0.000042
quick,2,4,0.000035
quick,2,8,0.000034
quick,2,16,0.000034
quick,2,32,0.000043
quick,2,64,0.000038
quick,2,128,0.000035
quick,2,256,0.00004
quick,2,512,0.000058
quick,2,1024,0.000068
quick,2,2048,0.000102
quick,2,4096,0.000185
quick,2,8192,0.000323
quick,2,16384,0.000659
quick,2,32768,0.001696
quick,2,65536,0.002841
quick,2,131072,0.00585
quick,2,262144,0.012318
quick,2,524288,0.025574
quick,2,1048576,0.052756
quick,2,2097152,0.114079
quick,2,4194304,0.240123
quick,2,8388608,0.499765
quick,2,16777216,1.019803
quick,2,33554432,2.091859
quick,2,67108864,4.329634
quick,2,134217728,9.029519
quick,3,1,0.000032
quick,3,2,0.000024
quick,3,4,0.000058
quick,3,8,0.000047
quick,3,16,0.00005
quick,3,32,0.000051
quick,3,64,0.000054
quick,3,128,0.000059
quick,3,256,0.00006
quick,3,512,0.000058
quick,3,1024,0.000088
quick,3,2048,0.000107
quick,3,4096,0.000183
quick,3,8192,0.000387
quick,3,16384,0.000752
quick,3,32768,0.001764
quick,3,65536,0.003288
quick,3,131072,0.006783
quick,3,262144,0.011439
quick,3,524288,0.024578
quick,3,1048576,0.051498
quick,3,2097152,0.108943
quick,3,4194304,0.229966
quick,3,8388608,0.512242
quick,3,16777216,1.04559
quick,3,33554432,2.107552
quick,3,67108864,4.360926
quick,3,134217728,8.95275
quick,4,1,0.000033
quick,4,2,0.00003
quick,4,4,0.000071
quick,4,8,0.000069
quick,4,16,0.000072
quick,4,32,0.000069
quick,4,64,0.00007
quick,4,128,0.000073
quick,4,256,0.000078
quick,4,512,0.000086
quick,4,1024,0.000114
quick,4,2048,0.000152
quick,4,4096,0.000248
quick,4,8192,0.000445
quick,4,16384,0.000689
quick,4,32768,0.001617
quick,4,65536,0.00288
quick,4,131072,0.006025
quick,4,262144,0.012368
quick,4,524288,0.024662
quick,4,1048576,0.048704
quick,4,2097152,0.098047
quick,4,4194304,0.205643
quick,4,8388608,0.456628
quick,4,16777216,0.93081
quick,4,33554432,1.924273
quick,4,67108864,3.92956
quick,4,134217728,8.123229
quick,5,1,0.000046
quick,5,2,0.000033
quick,5,4,0.000029
quick,5,8,0.000139
quick,5,16,0.000119
quick,5,32,0.000127
quick,5,64,0.000133
quick,5,128,0.000125
quick,5,256,0.000127
quick,5,512,0.000168
quick,5,1024,0.000181
quick,5,2048,0.000273
quick,5,4096,0.00037
quick,5,8192,0.000618
quick,5,16384,0.000878
quick,5,32768,0.001463
quick,5,65536,0.002964
quick,5,131072,0.007025
quick,5,262144,0.013389
quick,5,524288,0.026094
quick,5,1048576,0.050952
quick,5,2097152,0.105248
quick,5,4194304,0.234255
quick,5,8388608,0.510852
quick,5,16777216,1.082259
quick,5,33554432,2.205221
quick,5,67108864,4.514274
quick,5,134217728,9.205655
quick,6,1,0.000042
quick,6,2,0.000024
quick,6,4,0.000029
quick,6,8,0.000133
quick,6,16,0.000124
quick,6,32,0.000113
quick,6,64,0.000145
quick,6,128,0.00012
quick,6,256,0.000117
quick,6,512,0.000144
quick,6,1024,0.00015
quick,6,2048,0.000184
quick,6,4096,0.000248
quick,6,8192,0.000428
quick,6,16384,0.000723
quick,6,32768,0.001506
quick,6,65536,0.003532
quick,6,131072,0.005711
quick,6,262144,0.0129
quick,6,524288,0.023177
quick,6,1048576,0.049425
quick,6,2097152,0.102425
quick,6,4194304,0.214005
quick,6,8388608,0.503421
quick,6,16777216,1.017728
quick,6,33554432,2.08285
quick,6,67108864,4.263228
quick,6,134217728,8.697953
quick,7,1,0.000042
quick,7,2,0.000025
quick,7,4,0.000028
quick,7,8,0.000143
quick,7,16,0.000148
quick,7,32,0.000147
quick,7,64,0.000153
quick,7,128,0.000152
quick,7,256,0.000153
quick,7,512,0.000173
quick,7,1024,0.000182
quick,7,2048,0.000216
quick,7,4096,0.000353
quick,7,8192,0.000516
quick,7,16384,0.000809
quick,7,32768,0.001364
quick,7,65536,0.003222
quick,7,131072,0.006575
quick,7,262144,0.011094
quick,7,524288,0.025136
quick,7,1048576,0.048738
quick,7,2097152,0.10178
quick,7,4194304,0.212211
quick,7,8388608,0.503505
quick,7,16777216,1.03459
quick,7,33554432,2.100626
quick,7,67108864,4.275327
quick,7,134217728,8.74637
quick,8,1,0.000034
quick,8,2,0.000023
quick,8,4,0.000045
quick,8,8,0.000164
quick,8,16,0.000174
quick,8,32,0.000162
quick,8,64,0.00016
quick,8,128,0.000171
quick,8,256,0.000153
quick,8,512,0.000222
quick,8,1024,0.000201
quick,8,2048,0.00024
quick,8,4096,0.000342
quick,8,8192,0.000517
quick,8,16384,0.000797
quick,8,32768,0.00177
quick,8,65536,0.003362
quick,8,131072,0.006153
quick,8,262144,0.011746
quick,8,524288,0.022598
quick,8,1048576,0.046599
quick,8,2097152,0.095335
quick,8,4194304,0.199811
quick,8,8388608,0.47784
quick,8,16777216,0.964909
quick,8,33554432,1.971878
quick,8,67108864,4.038742
quick,8,134217728,8.219133
quick,9,1,0.000028
quick,9,2,0.000025
quick,9,4,0.000026
quick,9,8,0.000028
quick,9,16,0.000181
quick,9,32,0.0002
quick,9,64,0.000177
quick,9,128,0.000208
quick,9,256,0.000176
quick,9,512,0.000214
quick,9,1024,0.000262
quick,9,2048,0.000277
quick,9,4096,0.000346
quick,9,8192,0.000546
quick,9,16384,0.000939
quick,9,32768,0.001647
quick,9,65536,0.003128
quick,9,131072,0.006687
quick,9,262144,0.013811
quick,9,524288,0.026473
quick,9,1048576,0.053566
quick,9,2097152,0.113697
quick,9,4194304,0.252398
quick,9,8388608,0.596189
quick,9,16777216,1.212008
quick,9,33554432,2.430135
quick,9,67108864,4.993876
quick,9,134217728,10.094655
quick,10,1,0.000044
quick,10,2,0.000026
quick,10,4,0.000028
quick,10,8,0.000028
quick,10,16,0.000195
quick,10,32,0.00021
quick,10,64,0.000224
quick,10,128,0.000217
quick,10,256,0.000205
quick,10,512,0.000247
quick,10,1024,0.000257
quick,10,2048,0.000298
quick,10,4096,0.000343
quick,10,8192,0.000559
quick,10,16384,0.000869
quick,10,32768,0.001521
quick,10,65536,0.003528
quick,10,131072,0.006458
quick,10,262144,0.012212
quick,10,524288,0.025965
quick,10,1048576,0.051073
quick,10,2097152,0.107011
quick,10,4194304,0.229435
quick,10,8388608,0.580582
quick,10,16777216,1.177014
quick,10,33554432,2.372334
quick,10,67108864,4.874977
quick,10,134217728,9.7776
quick,11,1,0.000031
quick,11,2,0.000026
quick,11,4,0.000023
quick,11,8,0.000027
quick,11,16,0.000231
quick,11,32,0.00024
quick,11,64,0.000244
quick,11,128,0.000222
quick,11,256,0.000202
quick,11,512,0.00024
quick,11,1024,0.000264
quick,11,2048,0.000331
quick,11,4096,0.000386
quick,11,8192,0.000604
quick,11,16384,0.000859
quick,11,32768,0.001801
quick,11,65536,0.003478
quick,11,131072,0.007029
quick,11,262144,0.013845
quick,11,524288,0.025664
quick,11,1048576,0.049831
quick,11,2097152,0.105033
quick,11,4194304,0.229743
quick,11,8388608,0.58259
quick,11,16777216,1.167854
quick,11,33554432,2.386061
quick,11,67108864,4.863508
quick,11,134217728,9.786149
quick,12,1,0.000043
quick,12,2,0.000024
quick,12,4,0.000028
quick,12,8,0.000027
quick,12,16,0.000248
quick,12,32,0.000257
quick,12,64,0.000284
quick,12,128,0.000241
quick,12,256,0.000291
quick,12,512,0.000256
quick,12,1024,0.00029
quick,12,2048,0.000288
quick,12,4096,0.000416
quick,12,8192,0.000563
quick,12,16384,0.000944
quick,12,32768,0.001841
quick,12,65536,0.003323
quick,12,131072,0.00632
quick,12,262144,0.01314
quick,12,524288,0.024835
quick,12,1048576,0.05021
quick,12,2097152,0.103879
quick,12,4194304,0.225719
quick,12,8388608,0.571454
quick,12,16777216,1.149952
quick,12,33554432,2.327459
quick,12,67108864,4.694795
quick,12,134217728,9.550764
quick,13,1,0.000031
quick,13,2,0.000022
quick,13,4,0.000023
quick,13,8,0.000028
quick,13,16,0.00028
quick,13,32,0.000261
quick,13,64,0.000264
quick,13,128,0.000256
quick,13,256,0.000278
quick,13,512,0.000275
quick,13,1024,0.000294
quick,13,2048,0.00034
quick,13,4096,0.00043
quick,13,8192,0.000607
quick,13,16384,0.000897
quick,13,32768,0.001889
quick,13,65536,0.004065
quick,13,131072,0.008199
quick,13,262144,0.017057
quick,13,524288,0.033137
quick,13,1048576,0.065503
quick,13,2097152,0.136072
quick,13,4194304,0.287664
quick,13,8388608,0.597764
quick,13,16777216,1.208404
quick,13,33554432,2.45153
quick,13,67108864,4.973315
quick,13,134217728,10.078569
quick,14,1,0.00003
quick,14,2,0.000032
quick,14,4,0.000029
quick,14,8,0.000032
quick,14,16,0.000308
quick,14,32,0.000315
quick,14,64,0.000295
quick,14,128,0.000287
quick,14,256,0.000294
quick,14,512,0.000289
quick,14,1024,0.000333
quick,14,2048,0.000363
quick,14,4096,0.000471
quick,14,8192,0.000633
quick,14,16384,0.00106
quick,14,32768,0.001918
quick,14,65536,0.00403
quick,14,131072,0.008002
quick,14,262144,0.016953
quick,14,524288,0.031864
quick,14,1048576,0.066016
quick,14,2097152,0.13247
quick,14,4194304,0.289516
quick,14,8388608,0.598673
quick,14,16777216,1.198211
quick,14,33554432,2.39106
quick,14,67108864,4.901962
quick,14,134217728,9.860183
quick,15,1,0.000021
quick,15,2,0.000019
quick,15,4,0.000019
quick,15,8,0.00002
quick,15,16,0.000309
quick,15,32,0.000301
quick,15,64,0.000293
quick,15,128,0.000294
quick,15,256,0.000306
quick,15,512,0.000321
quick,15,1024,0.000363
quick,15,2048,0.000366
quick,15,4096,0.000484
quick,15,8192,0.000639
quick,15,16384,0.000978
quick,15,32768,0.001899
quick,15,65536,0.004009
quick,15,131072,0.009208
quick,15,262144,0.016077
quick,15,524288,0.032712
quick,15,1048576,0.065623
quick,15,2097152,0.136654
quick,15,4194304,0.283178
quick,15,8388608,0.591806
quick,15,16777216,1.224707
quick,15,33554432,2.447789
quick,15,67108864,4.914003
quick,15,134217728,9.999369
quick,16,1,0.000022
quick,16,2,0.000018
quick,16,4,0.000019
quick,16,8,0.000018
quick,16,16,0.000343
quick,16,32,0.000318
quick,16,64,0.000305
quick,16,128,0.000317
quick,16,256,0.000363
quick,16,512,0.000341
quick,16,1024,0.000345
quick,16,2048,0.000378
quick,16,4096,0.000487
quick,16,8192,0.000662
quick,16,16384,0.000961
quick,16,32768,0.001836
quick,16,65536,0.004666
quick,16,131072,0.007784
quick,16,262144,0.015739
quick,16,524288,0.031278
quick,16,1048576,0.061385
quick,16,2097152,0.130918
quick,16,4194304,0.281213
quick,16,8388608,0.571929
quick,16,16777216,1.144626
quick,16,33554432,2.373376
quick,16,67108864,4.878803
quick,16,134217728,9.7184
quick,17,1,0.000024
quick,17,2,0.000019
quick,17,4,0.00002
quick,17,8,0.000021
quick,17,16,0.000022
quick,17,32,0.00039
quick,17,64,0.000327
quick,17,128,0.000381
quick,17,256,0.000344
quick,17,512,0.000337
quick,17,1024,0.000386
quick,17,2048,0.000419
quick,17,4096,0.000505
quick,17,8192,0.000735
quick,17,16384,0.001193
quick,17,32768,0.002172
quick,17,65536,0.004848
quick,17,131072,0.009294
quick,17,262144,0.020037
quick,17,524288,0.041999
quick,17,1048576,0.081042
quick,17,2097152,0.169602
quick,17,4194304,0.344866
quick,17,8388608,0.732548
quick,17,16777216,1.459087
quick,17,33554432,2.99972
quick,17,67108864,5.965834
quick,17,134217728,12.053528
quick,18,1,0.00002
quick,18,2,0.000018
quick,18,4,0.000019
quick,18,8,0.000019
quick,18,16,0.000022
quick,18,32,0.000327
quick,18,64,0.0004
quick,18,128,0.00037
quick,18,256,0.000358
quick,18,512,0.000454
quick,18,1024,0.000387
quick,18,2048,0.000426
quick,18,4096,0.000553
quick,18,8192,0.000724
quick,18,16384,0.001443
quick,18,32768,0.002137
quick,18,65536,0.005059
quick,18,131072,0.01023
quick,18,262144,0.020041
quick,18,524288,0.039233
quick,18,1048576,0.079883
quick,18,2097152,0.162734
quick,18,4194304,0.348929
quick,18,8388608,0.708226
quick,18,16777216,1.422442
quick,18,33554432,2.870049
quick,18,67108864,5.844272
quick,18,134217728,11.764123
quick,19,1,0.000025
quick,19,2,0.000022
quick,19,4,0.000027
quick,19,8,0.000024
quick,19,16,0.000025
quick,19,32,0.000397
quick,19,64,0.000426
quick,19,128,0.0004
quick,19,256,0.000408
quick,19,512,0.000404
quick,19,1024,0.000431
quick,19,2048,0.000483
quick,19,4096,0.000526
quick,19,8192,0.000749
quick,19,16384,0.001278
quick,19,32768,0.00223
quick,19,65536,0.004838
quick,19,131072,0.009888
quick,19,262144,0.019781
quick,19,524288,0.04085
quick,19,1048576,0.079432
quick,19,2097152,0.164055
quick,19,4194304,0.35393
quick,19,8388608,0.726327
quick,19,16777216,1.440902
quick,19,33554432,2.906962
quick,19,67108864,5.915873
quick,19,134217728,11.897457
quick,20,1,0.00002
quick,20,2,0.000017
quick,20,4,0.000021
quick,20,8,0.00002
quick,20,16,0.000024
quick,20,32,0.00038
quick,20,64,0.000441
quick,20,128,0.000382
quick,20,256,0.000374
quick,20,512,0.000408
quick,20,1024,0.000422
quick,20,2048,0.000464
quick,20,4096,0.000579
quick,20,8192,0.000745
quick,20,16384,0.001117
quick,20,32768,0.002149
quick,20,65536,0.004609
quick,20,131072,0.011039
quick,20,262144,0.019064
quick,20,524288,0.038521
quick,20,1048576,0.078604
quick,20,2097152,0.162779
quick,20,4194304,0.353192
quick,20,8388608,0.69914
quick,20,16777216,1.425028
quick,20,33554432,2.899319
quick,20,67108864,5.781026
quick,20,134217728,11.674934
quick,21,1,0.000022
quick,21,2,0.000018
quick,21,4,0.000021
quick,21,8,0.00002
quick,21,16,0.000019
quick,21,32,0.00047
quick,21,64,0.000421
quick,21,128,0.000475
quick,21,256,0.000539
quick,21,512,0.000416
quick,21,1024,0.000519
quick,21,2048,0.000481
quick,21,4096,0.000586
quick,21,8192,0.000969
quick,21,16384,0.001193
quick,21,32768,0.002254
quick,21,65536,0.00628
quick,21,131072,0.010167
quick,21,262144,0.020919
quick,21,524288,0.040973
quick,21,1048576,0.080893
quick,21,2097152,0.165615
quick,21,4194304,0.349942
quick,21,8388608,0.731088
quick,21,16777216,1.495989
quick,21,33554432,2.960794
quick,21,67108864,5.991865
quick,21,134217728,12.247732
quick,22,1,0.000021
quick,22,2,0.00002
quick,22,4,0.000021
quick,22,8,0.000021
quick,22,16,0.000022
quick,22,32,0.000491
quick,22,64,0.000483
quick,22,128,0.000476
quick,22,256,0.00048
quick,22,512,0.000441
quick,22,1024,0.000463
quick,22,2048,0.000493
quick,22,4096,0.000636
quick,22,8192,0.000795
quick,22,16384,0.001208
quick,22,32768,0.002206
quick,22,65536,0.004978
quick,22,131072,0.009822
quick,22,262144,0.021
quick,22,524288,0.040664
quick,22,1048576,0.081144
quick,22,2097152,0.167895
quick,22,4194304,0.35382
quick,22,8388608,0.736592
quick,22,16777216,1.444419
quick,22,33554432,2.905014
quick,22,67108864,5.952958
quick,22,134217728,11.908232
quick,23,1,0.000023
quick,23,2,0.000022
quick,23,4,0.000025
quick,23,8,0.000023
quick,23,16,0.000025
quick,23,32,0.00047
quick,23,64,0.00051
quick,23,128,0.00049
quick,23,256,0.000465
quick,23,512,0.000436
quick,23,1024,0.000515
quick,23,2048,0.000519
quick,23,4096,0.000669
quick,23,8192,0.000804
quick,23,16384,0.001231
quick,23,32768,0.002184
quick,23,65536,0.004763
quick,23,131072,0.009931
quick,23,262144,0.020321
quick,23,524288,0.041212
quick,23,1048576,0.086364
quick,23,2097152,0.165878
quick,23,4194304,0.356846
quick,23,8388608,0.733386
quick,23,16777216,1.501234
quick,23,33554432,2.98225
quick,23,67108864,6.010008
quick,23,134217728,12.096761
quick,24,1,0.000021
quick,24,2,0.000021
quick,24,4,0.000019
quick,24,8,0.000021
quick,24,16,0.000021
quick,24,32,0.00046
quick,24,64,0.000459
quick,24,128,0.000477
quick,24,256,0.000483
quick,24,512,0.000473
quick,24,1024,0.00054
quick,24,2048,0.000546
quick,24,4096,0.000635
quick,24,8192,0.000844
quick,24,16384,0.00123
quick,24,32768,0.002196
quick,24,65536,0.005162
quick,24,131072,0.009882
quick,24,262144,0.02001
quick,24,524288,0.038853
quick,24,1048576,0.080861
quick,24,2097152,0.16521
quick,24,4194304,0.352922
quick,24,8388608,0.71338
quick,24,16777216,1.451859
quick,24,33554432,2.903026
quick,24,67108864,5.949492
quick,24,134217728,11.858653